{
    "x": 400,
    "y": 440,
    "speed": 5,
    "rotation": 0.5273007056255272,
    "sizeOfTile": 40,
    "actor": {
        "x": 6,
        "y": 5,
        "realX": 273.02576244630023,
        "realY": 213.64337277629247
    },
    "map": [
        [
            1,
            1,
            1,
            1,
            1,
            1,
            1,
            1,
            1,
            1,
            1
        ],
        [
            1,
            0,
            0,
            0,
            0,
            0,
            0,
            0,
            0,
            0,
            1
        ],
        [
            1,
            0,
            0,
            0,
            0,
            1,
            0,
            0,
            0,
            0,
            1
        ],
        [
            1,
            0,
            0,
            0,
            0,
            1,
            1,
            1,
            0,
            0,
            1
        ],
        [
            1,
            0,
            0,
            0,
            0,
            0,
            0,
            0,
            0,
            0,
            1
        ],
        [
            1,
            0,
            0,
            0,
            0,
            0,
            0,
            0,
            0,
            0,
            1
        ],
        [
            1,
            0,
            0,
            0,
            0,
            0,
            0,
            0,
            0,
            0,
            1
        ],
        [
            1,
            0,
            0,
            0,
            0,
            0,
            0,
            0,
            0,
            0,
            1
        ],
        [
            1,
            0,
            0,
            0,
            0,
            0,
            0,
            0,
            0,
            0,
            1
        ],
        [
            1,
            1,
            1,
            1,
            1,
            1,
            1,
            1,
            1,
            1,
            1
        ]
    ]
}